z, E_new(eV), E_conformal(eV), E_logarithmic(eV), Ratio_conf, Ratio_log
1.000000000000000021e-02,4.806009802080188000e+15,1.015037437733209980e-01,4.806009802080188000e+15,2.112016994417844774e-17,1.000000000000000000e+00
1.086606113854597482e-02,5.219998203955069000e+15,1.016343288578930859e-01,5.219998203955069000e+15,1.947018464122979143e-17,1.000000000000000000e+00
1.180712846666190363e-02,5.669438632209175000e+15,1.017762868383088881e-01,5.669438632209175000e+15,1.795173974722967459e-17,1.000000000000000000e+00
1.282969797894147577e-02,6.157329704796611000e+15,1.019306141044270114e-01,6.157329704796611000e+15,1.655435375257267970e-17,1.000000000000000000e+00
1.394082826282577910e-02,6.686917020118122000e+15,1.020983953948495504e-01,6.686917020118122000e+15,1.526838079307375998e-17,1.000000000000000000e+00
1.514818922258345801e-02,7.261712317279564000e+15,1.022808118171293218e-01,7.261712317279564000e+15,1.408494406666973331e-17,1.000000000000000000e+00
1.646011502308550659e-02,7.885513911708449000e+15,1.024791496284294390e-01,7.885513911708449000e+15,1.299587455882461935e-17,1.000000000000000000e+00
1.788566161883461958e-02,8.562428452345252000e+15,1.026948098541834303e-01,8.562428452345252000e+15,1.199365465366957686e-17,1.000000000000000000e+00
1.943466926536021114e-02,9.296894040400244000e+15,1.029293188310702878e-01,9.296894040400244000e+15,1.107136624164848925e-17,1.000000000000000000e+00
2.111783044448244454e-02,1.009370474143241400e+16,1.031843397705048820e-01,1.009370474143241400e+16,1.022264296546699182e-17,1.000000000000000000e+00
2.294676367231936187e-02,1.095803651189231400e+16,1.034616854499968153e-01,1.095803651189231400e+16,9.441626274717558033e-18,1.000000000000000000e+00
2.493409369951879104e-02,1.189547454790031800e+16,1.037633321523349639e-01,1.189547454790031800e+16,8.722924985842647812e-18,1.000000000000000000e+00
2.709353865732051433e-02,1.291204204747424000e+16,1.040914349868162225e-01,1.291204204747424000e+16,8.061578068294614699e-18,1.000000000000000000e+00
2.944000475100035097e-02,1.401423035720555800e+16,1.044483447428897760e-01,1.401423035720555800e+16,7.453020400024080205e-18,1.000000000000000000e+00
3.198968915434537846e-02,1.520903045001539800e+16,1.048366264449070578e-01,1.520903045001539800e+16,6.893051255926765377e-18,1.000000000000000000e+00
3.476019181541977615e-02,1.650396565157239600e+16,1.052590797974626291e-01,1.650396565157239600e+16,6.377805311745434396e-18,1.000000000000000000e+00
3.777063694539368327e-02,1.790712549867798200e+16,1.057187617344428204e-01,1.790712549867798200e+16,5.903725963290292337e-18,1.000000000000000000e+00
4.104180502904709177e-02,1.942720057287248800e+16,1.062190113117734286e-01,1.942720057287248800e+16,5.467540776826806795e-18,1.000000000000000000e+00
4.459627626819093194e-02,2.107351810616392400e+16,1.067634772144528538e-01,2.107351810616392400e+16,5.066238901193481697e-18,1.000000000000000000e+00
4.845858644816495447e-02,2.285607810263374400e+16,1.073561481833038567e-01,2.285607810263374400e+16,4.697050285758912541e-18,1.000000000000000000e+00
5.265539630332757848e-02,2.478558965933279600e+16,1.080013867065979793e-01,2.478558965933279600e+16,4.357426560797233194e-18,1.000000000000000000e+00
5.721567555063251931e-02,2.687350710205776800e+16,1.087039663670049533e-01,2.687350710205776800e+16,4.045023448341851663e-18,1.000000000000000000e+00
6.217090286163826779e-02,2.913206547617484800e+16,1.094691132859972049e-01,2.913206547617484800e+16,3.757684582149680022e-18,1.000000000000000000e+00
6.755528315331646438e-02,3.157431484977568800e+16,1.103025521668188902e-01,3.157431484977568800e+16,3.493426625141875300e-18,1.000000000000000000e+00
7.340598369757211916e-02,3.421415279653257200e+16,1.112105575044480266e-01,3.421415279653257200e+16,3.250425581653409886e-18,1.000000000000000000e+00
7.976339067929276438e-02,3.706635432952016000e+16,1.122000106078337167e-01,3.706635432952016000e+16,3.027004210081595939e-18,1.000000000000000000e+00
8.667138797389233040e-02,4.014659845629993600e+16,1.132784631674171316e-01,4.014659845629993600e+16,2.821620449132748609e-18,1.000000000000000000e+00
9.417766006869524031e-02,4.347149042165528000e+16,1.144542082010806816e-01,4.347149042165528000e+16,2.632856777877241212e-18,1.000000000000000000e+00
1.023340212191642257e-01,4.705857860011340000e+16,1.157363593259343182e-01,4.705857860011340000e+16,2.459410436286646026e-18,1.000000000000000000e+00
1.111967731120698938e-01,5.092636489920205600e+16,1.171349394336987787e-01,5.092636489920205600e+16,2.300084438886273573e-18,1.000000000000000000e+00
1.208270935044776506e-01,5.509430744051629600e+16,1.186609799960781919e-01,5.509430744051629600e+16,2.153779319654629676e-18,1.000000000000000000e+00
1.312914585212465457e-01,5.958281420430721600e+16,1.203266323959100853e-01,5.958281420430721600e+16,2.019485551375848421e-18,1.000000000000000000e+00
1.426621015260737535e-01,6.441322626055722400e+16,1.221452928728203879e-01,6.441322626055722400e+16,1.896276587338317953e-18,1.000000000000000000e+00
1.550175117335770292e-01,6.960778917239673600e+16,1.241317428917253357e-01,6.960778917239673600e+16,1.783302477604766519e-18,1.000000000000000000e+00
1.684429760042316093e-01,7.518961115401062400e+16,1.263023069923157604e-01,7.518961115401062400e+16,1.679784016087158224e-18,1.000000000000000000e+00
1.830311675620613088e-01,8.118260660320728000e+16,1.286750304615613405e-01,8.118260660320728000e+16,1.585007378372078290e-18,1.000000000000000000e+00
1.988827856988809872e-01,8.761142371712369600e+16,1.312698794936887348e-01,8.761142371712369600e+16,1.498319213685280682e-18,1.000000000000000000e+00
2.161072508808377646e-01,9.450135504640270400e+16,1.341089668679406044e-01,9.450135504640270400e+16,1.419122157582708701e-18,1.000000000000000000e+00
2.348234600554276463e-01,1.018782300560750400e+17,1.372168065892422073e-01,1.018782300560750400e+17,1.346870734932442169e-18,1.000000000000000000e+00
2.551606073727185064e-01,1.097682890462046240e+17,1.406206014068686061e-01,1.097682890462046240e+17,1.281067625529604039e-18,1.000000000000000000e+00
2.772590759860483756e-01,1.181980381456514400e+17,1.443505676582697850e-01,1.181980381456514400e+17,1.221260267284567547e-18,1.000000000000000000e+00
3.012714070881165607e-01,1.271940855283427200e+17,1.484403024871711607e-01,1.271940855283427200e+17,1.167037774363291028e-18,1.000000000000000000e+00
3.273633528715245711e-01,1.367829595093802240e+17,1.529271991657085994e-01,1.367829595093802240e+17,1.118028149955486550e-18,1.000000000000000000e+00
3.557150206821386162e-01,1.469909097493785600e+17,1.578529170195843989e-01,1.469909097493785600e+17,1.073895775519218949e-18,1.000000000000000000e+00
3.865221162631263807e-01,1.578436934153870720e+17,1.632639133242418383e-01,1.578436934153870720e+17,1.034339160416062606e-18,1.000000000000000000e+00
4.199972946715306299e-01,1.693663487955725120e+17,1.692120455215349595e-01,1.693663487955725120e+17,9.990889378254011286e-19,1.000000000000000000e+00
4.563716281924761198e-01,1.815829595169098880e+17,1.757552532147041990e-01,1.815829595169098880e+17,9.679060947254636108e-19,1.000000000000000000e+00
4.958962013837216465e-01,1.945164131399172480e+17,1.829583306510324803e-01,1.945164131399172480e+17,9.405804255676308640e-19,1.000000000000000000e+00
5.388438442608223244e-01,2.081881584677900160e+17,1.908938018149730631e-01,2.081881584677900160e+17,9.169292010645616923e-19,1.000000000000000000e+00
5.855110155867241373e-01,2.226179663731897600e+17,1.996429118510502365e-01,2.226179663731897600e+17,8.967960452768449353e-19,1.000000000000000000e+00
6.362198492657489268e-01,2.378236992790822080e+17,2.092967503396448992e-01,2.378236992790822080e+17,8.800500159323423139e-19,1.000000000000000000e+00
6.913203779678130934e-01,2.538210945984367680e+17,2.199575239875032340e-01,2.538210945984367680e+17,8.665848846625291433e-19,1.000000000000000000e+00
7.511929493320967932e-01,2.706235674156260800e+17,2.317399985999165080e-01,2.706235674156260800e+17,8.563186156067780910e-19,1.000000000000000000e+00
8.162508514287232231e-01,2.882420374633990400e+17,2.447731328088725844e-01,2.882420374633990400e+17,8.491930426350593298e-19,1.000000000000000000e+00
8.869431656014713505e-01,3.066847850080953600e+17,2.592019289818739969e-01,3.066847850080953600e+17,8.451737472891979877e-19,1.000000000000000000e+00
9.637578663841088744e-01,3.259573396099934720e+17,2.751895300759443219e-01,3.259573396099934720e+17,8.442501414608653523e-19,1.000000000000000000e+00
1.047225189888435493e+00,3.460624048963557120e+17,2.929195949832685830e-01,3.460624048963557120e+17,8.464357608304687323e-19,1.000000000000000000e+00
1.137921293915315157e+00,3.669998215055866880e+17,3.125989891986776237e-01,3.669998215055866880e+17,8.517687772061193511e-19,1.000000000000000000e+00
1.236472235053714952e+00,3.887665692764371840e+17,3.344608324924842058e-01,3.887665692764371840e+17,8.603127401488623587e-19,1.000000000000000000e+00
1.343558290220826290e+00,4.113568086186065280e+17,3.587679507716117766e-01,4.113568086186065280e+17,8.721575606744045373e-19,1.000000000000000000e+00
1.459918652473978673e+00,4.347619598666931200e+17,3.858167855442608540e-01,4.347619598666931200e+17,8.874207524102617215e-19,1.000000000000000000e+00
1.586356533508591182e+00,4.589708183441884160e+17,4.159418214665365210e-01,4.589708183441884160e+17,9.062489483909107464e-19,1.000000000000000000e+00
1.723744708063619901e+00,4.839697018996798720e+17,4.495206004543852996e-01,4.839697018996798720e+17,9.288197147257880367e-19,1.000000000000000000e+00
1.873031538506438443e+00,5.097426268670615680e+17,4.869793999162079223e-01,5.097426268670615680e+17,9.553436857130054720e-19,1.000000000000000000e+00
2.035247521183577657e+00,5.362715077776972160e+17,5.287996629423226125e-01,5.362715077776972160e+17,9.860670486367291789e-19,1.000000000000000000e+00
2.211512399725488631e+00,5.635363757347352960e+17,5.755252799374005468e-01,5.635363757347352960e+17,1.021274410524137299e-18,1.000000000000000000e+00
2.403042894406969499e+00,5.915156101542821120e+17,6.277708343823682480e-01,5.915156101542821120e+17,1.061292083599670154e-18,1.000000000000000000e+00
2.611161100917459343e+00,6.201861785783326720e+17,6.862309403683788389e-01,6.201861785783326720e+17,1.106491831116652922e-18,1.000000000000000000e+00
2.837303616516214433e+00,6.495238794524926720e+17,7.516908164895650390e-01,6.495238794524926720e+17,1.157295120732424154e-18,1.000000000000000000e+00
3.083031456568277040e+00,6.795035831110648320e+17,8.250382598764423037e-01,6.795035831110648320e+17,1.214177938693208880e-18,1.000000000000000000e+00
3.350040829913136342e+00,7.100994666905963520e+17,9.072772058960230090e-01,7.100994666905963520e+17,1.277676224887717977e-18,1.000000000000000000e+00
3.640174847446141282e+00,7.412852392648762880e+17,9.995430836751950654e-01,7.412852392648762880e+17,1.348391996401317797e-18,1.000000000000000000e+00
3.955436244734701567e+00,7.730343541238447360e+17,1.103120205503148155e+00,7.730343541238447360e+17,1.427000235653720562e-18,1.000000000000000000e+00
4.298001206490798864e+00,8.053202057719953920e+17,1.219461459769370704e+00,8.053202057719953920e+17,1.514256628641735822e-18,1.000000000000000000e+00
4.670234388327335395e+00,8.381163098686478080e+17,1.350210612886731720e+00,8.381163098686478080e+17,1.611006249357372422e-18,1.000000000000000000e+00
5.074705239490470809e+00,8.713964649478755840e+17,1.497227566190064474e+00,8.713964649478755840e+17,1.718193298247571182e-18,1.000000000000000000e+00
5.514205739240302329e+00,9.051348953205125120e+17,1.662616959718933973e+00,9.051348953205125120e+17,1.836872015778591313e-18,1.000000000000000000e+00
5.991769669310619051e+00,9.393063750609670400e+17,1.848760566802419847e+00,9.393063750609670400e+17,1.968218906938030112e-18,1.000000000000000000e+00
6.510693555481461559e+00,9.738863334092834560e+17,2.058353982271334814e+00,9.738863334092834560e+17,2.113546429043372885e-18,1.000000000000000000e+00
7.074559422819878485e+00,1.008850942270728064e+18,2.294448173844890082e+00,1.008850942270728064e+18,2.274318313744676447e-18,1.000000000000000000e+00
7.687259521663735384e+00,1.044177186771788288e+18,2.560496541811032589e+00,1.044177186771788288e+18,2.452166714853391669e-18,1.000000000000000000e+00
8.353023195026779035e+00,1.079842920036691456e+18,2.860408217716714496e+00,1.079842920036691456e+18,2.648911396871983894e-18,1.000000000000000000e+00
9.076446072885365979e+00,1.115826903488541824e+18,3.198608429736914616e+00,1.115826903488541824e+18,2.866581205146359367e-18,1.000000000000000000e+00
9.862521794868783331e+00,1.152108834061435904e+18,3.580106872205376600e+00,1.152108834061435904e+18,3.107438087758355256e-18,1.000000000000000000e+00
1.071667648032863340e+01,1.188669359742919168e+18,4.010575141173317704e+00,1.188669359742919168e+18,3.374003972005057392e-18,1.000000000000000000e+00
1.164480618372686749e+01,1.225490084858293760e+18,4.496434438747049178e+00,1.225490084858293760e+18,3.669090835008250765e-18,1.000000000000000000e+00
1.265331759388942956e+01,1.262553566467978240e+18,5.044954908532068849e+00,1.262553566467978240e+18,3.995834349148007321e-18,1.000000000000000000e+00
1.374917225806420440e+01,1.299843303183969024e+18,5.664368145259361498e+00,1.299843303183969024e+18,4.357731529165461437e-18,1.000000000000000000e+00
1.493993463605257688e+01,1.337343717628400384e+18,6.363994626398653764e+00,1.337343717628400384e+18,4.758682859545146779e-18,1.000000000000000000e+00
1.623382431612279930e+01,1.375040133662306048e+18,7.154388045455890577e+00,1.375040133662306048e+18,5.203039438856790178e-18,1.000000000000000000e+00
1.763977275314045201e+01,1.412918749410925824e+18,8.047498789311127609e+00,1.412918749410925824e+18,5.695655742884218186e-18,1.000000000000000000e+00
1.916748492056814968e+01,1.450966607007567616e+18,9.056859099462469587e+00,1.450966607007567616e+18,6.241948681466267079e-18,1.000000000000000000e+00
2.082750630190516361e+01,1.489171559874313984e+18,1.019779279402359506e+01,1.489171559874313984e+18,6.847963705997909223e-18,1.000000000000000000e+00
2.263129568399529745e+01,1.527522238257363200e+18,1.148765280901634789e+01,1.527522238257363200e+18,7.520448816589249064e-18,1.000000000000000000e+00
2.459130425468046610e+01,1.566008013639324416e+18,1.294609024983697942e+01,1.566008013639324416e+18,8.266937421189123672e-18,1.000000000000000000e+00
2.672106155079435297e+01,1.604618962561607424e+18,1.459535913347426828e+01,1.604618962561607424e+18,9.095841114936279490e-18,1.000000000000000000e+00
2.903526884977813793e+01,1.643345830307994112e+18,1.646066155673289799e+01,1.643345830307994112e+18,1.001655357816428577e-17,1.000000000000000000e+00
3.154990064958088425e+01,1.682179994825885952e+18,1.857053865398404824e+01,1.682179994825885952e+18,1.103956693760716841e-17,1.000000000000000000e+00
3.428231493733970581e+01,1.721113431194743808e+18,2.095731341959515959e+01,1.721113431194743808e+18,1.217660209940215263e-17,1.000000000000000000e+00
3.725137300800213325e+01,1.760138676891717376e+18,2.365759227624063143e+01,1.760138676891717376e+18,1.344075474667615182e-17,1.000000000000000000e+00
4.047756965997321998e+01,1.799248798052076288e+18,2.671283318329237488e+01,1.799248798052076288e+18,1.484665890132178044e-17,1.000000000000000000e+00
4.398317466650227914e+01,1.838437356876447232e+18,3.016998911362707858e+01,1.838437356876447232e+18,1.641067018181499209e-17,1.000000000000000000e+00
4.779238649935599881e+01,1.877698380297456128e+18,3.408223689853280547e+01,1.877698380297456128e+18,1.815107114974112939e-17,1.000000000000000000e+00
5.193149936590211979e+01,1.917026329984732416e+18,3.850980276716458661e+01,1.917026329984732416e+18,2.008830143061795435e-17,1.000000000000000000e+00
5.642908471262542491e+01,1.956416073738701824e+18,4.352089740979891275e+01,1.956416073738701824e+18,2.224521562360233835e-17,1.000000000000000000e+00
6.131618844795774947e+01,1.995862858299729408e+18,4.919277509633616319e+01,1.995862858299729408e+18,2.464737238421449598e-17,1.000000000000000000e+00
6.662654524581157034e+01,2.035362283579400192e+18,5.561293330954950420e+01,2.035362283579400192e+18,2.732335847933089826e-17,1.000000000000000000e+00
7.239681140910876422e+01,2.074910278304507392e+18,6.288047153644282616e+01,2.074910278304507392e+18,3.030515208003354406e-17,1.000000000000000000e+00
7.866681790071589830e+01,2.114503077051324416e+18,7.110763033471195627e+01,2.114503077051324416e+18,3.362853008181552878e-17,1.000000000000000000e+00
8.547984528840413532e+01,2.154137198637355776e+18,8.042153459313097130e+01,2.154137198637355776e+18,3.733352483026767177e-17,1.000000000000000000e+00
9.288292250172499109e+01,2.193809425829808128e+18,9.096616807827942353e+01,2.193809425829808128e+18,4.146493629175263739e-17,1.000000000000000000e+00
1.009271514630571858e+02,2.233516786323975424e+18,1.029046099546855544e+02,2.233516786323975424e+18,4.607290645173555612e-17,1.000000000000000000e+00
1.096680598336869679e+02,2.273256534940406784e+18,1.164215680370794246e+02,2.273256534940406784e+18,5.121356355855869658e-17,1.000000000000000000e+00
1.191659843098558724e+02,2.313026136986802688e+18,1.317262481452947043e+02,2.313026136986802688e+18,5.694974476894391293e-17,1.000000000000000000e+00
1.294864871145904885e+02,2.352823252728801792e+18,1.490556041561148959e+02,2.352823252728801792e+18,6.335180680624452682e-17,1.000000000000000000e+00
1.407008085602686549e+02,2.392645722913017856e+18,1.686780192632103592e+02,2.392645722913017856e+18,7.049853542790567070e-17,1.000000000000000000e+00
1.528863588058729590e+02,2.432491555285683712e+18,1.908974756582431382e+02,2.432491555285683712e+18,7.847816583101074701e-17,1.000000000000000000e+00
1.661272522034292933e+02,2.472358912050847232e+18,2.160582774373546897e+02,2.472358912050847232e+18,8.738952762248104617e-17,1.000000000000000000e+00
1.805148879221110008e+02,2.512246098213148160e+18,2.445504001356025299e+02,2.512246098213148160e+18,9.734332966405665588e-17,1.000000000000000000e+00
1.961485808579433296e+02,2.552151550751734272e+18,2.768155500311398214e+02,2.552151550751734272e+18,1.084636019947969063e-16,1.000000000000000000e+00
2.131362471841437696e+02,2.592073828573607936e+18,3.133540273923386508e+02,2.592073828573607936e+18,1.208893141615392220e-16,1.000000000000000000e+00
2.315951492743154461e+02,2.632011603196718080e+18,3.547325003361855238e+02,2.632011603196718080e+18,1.347761916799090167e-16,1.000000000000000000e+00
2.516527051405394104e+02,2.671963650115207680e+18,4.015928101192409372e+02,2.671963650115207680e+18,1.502987550380505323e-16,1.000000000000000000e+00
2.734473679737579914e+02,2.711928840801507328e+18,4.546619447133264202e+02,2.711928840801507328e+18,1.676526086794193293e-16,1.000000000000000000e+00
2.971295818577333989e+02,2.751906135302198784e+18,5.147633356759362186e+02,2.751906135302198784e+18,1.870570108014995391e-16,1.000000000000000000e+00
3.228628202536733625e+02,2.791894575386872320e+18,5.828296538924408878e+02,2.791894575386872320e+18,2.087577586312256492e-16,1.000000000000000000e+00
3.508247144239795716e+02,2.831893278211507712e+18,6.599173030631615120e+02,2.831893278211507712e+18,2.330304281381446255e-16,1.000000000000000000e+00
3.812082795843887766e+02,2.871901430460091392e+18,7.472228361952934392e+02,2.871901430460091392e+18,2.601840119824672971e-16,1.000000000000000000e+00
4.142232472483897823e+02,2.911918282930415104e+18,8.461015502477171140e+02,2.911918282930415104e+18,2.905650049342184848e-16,1.000000000000000000e+00
4.500975129608050906e+02,2.951943145532063744e+18,9.580885479303328793e+02,2.951943145532063744e+18,3.245619921171094273e-16,1.000000000000000000e+00
4.890787094139589612e+02,2.991975382666688000e+18,1.084922594005050996e+03,2.991975382666688000e+18,3.626108023115086808e-16,1.000000000000000000e+00
5.314359158053241572e+02,3.032014408962557440e+18,1.228573136868719985e+03,3.032014408962557440e+18,4.052002962905087501e-16,1.000000000000000000e+00
5.774615152359825743e+02,3.072059685337252352e+18,1.391270915394273288e+03,3.072059685337252352e+18,4.528788688692221081e-16,1.000000000000000000e+00
6.274732129711587731e+02,3.112110715364167168e+18,1.575542626729951735e+03,3.112110715364167168e+18,5.062617531412560039e-16,1.000000000000000000e+00
6.818162294944479527e+02,3.152167041920091136e+18,1.784250193873343051e+03,3.152167041920091136e+18,5.660392263940733796e-16,1.000000000000000000e+00
7.408656834939567943e+02,3.192228244092785664e+18,2.020635243328626302e+03,3.192228244092785664e+18,6.329858295902899213e-16,1.000000000000000000e+00
8.050291812295988620e+02,3.232293934328909824e+18,2.288369484132476828e+03,3.232293934328909824e+18,7.079707262475772227e-16,1.000000000000000000e+00
8.747496301554415368e+02,3.272363755804079104e+18,2.591611771255731583e+03,3.272363755804079104e+18,7.919693422404764460e-16,1.000000000000000000e+00
9.505082962189511591e+02,3.312437379998142464e+18,2.935072740279105346e+03,3.312437379998142464e+18,8.860764457019716656e-16,1.000000000000000000e+00
1.032828125941029612e+03,3.352514504459976704e+18,3.324088017917052639e+03,3.352514504459976704e+18,9.915208460678970142e-16,1.000000000000000000e+00
1.122277356208509445e+03,3.392594850747283456e+18,3.764701146253504703e+03,3.392594850747283456e+18,1.109681913660942306e-15,1.000000000000000000e+00
1.219473436696738190e+03,3.432678162527899136e+18,4.263757509527519687e+03,3.432678162527899136e+18,1.242108146365692290e-15,1.000000000000000000e+00
1.325087291997953798e+03,3.472764203830170112e+18,4.829010723313401286e+03,3.472764203830170112e+18,1.390538038254196453e-15,1.000000000000000000e+00
1.439847952876009458e+03,3.512852757430846464e+18,5.469243139635322223e+03,3.512852757430846464e+18,1.556923536879267854e-15,1.000000000000000000e+00
1.564547588616095709e+03,3.552943623369838592e+18,6.194402340952819031e+03,3.552943623369838592e+18,1.743456411806965963e-15,1.000000000000000000e+00
1.700046975206718116e+03,3.593036617581967872e+18,7.015755744459053858e+03,3.593036617581967872e+18,1.952597897312969166e-15,1.000000000000000000e+00
1.847281437099635923e+03,3.633131570636591104e+18,7.946065719611917302e+03,3.633131570636591104e+18,2.187112017586421079e-15,1.000000000000000000e+00
2.007267303562572351e+03,3.673228326576696832e+18,8.999787940644075206e+03,3.673228326576696832e+18,2.450103053907220922e-15,1.000000000000000000e+00
2.181108924191519691e+03,3.713326741849681920e+18,1.019329605692557743e+04,3.713326741849681920e+18,2.745057670806553975e-15,1.000000000000000000e+00
2.370006292009330537e+03,3.753426684322637824e+18,1.154513617309664915e+04,3.753426684322637824e+18,3.075892282995303237e-15,1.000000000000000000e+00
2.575263326771203992e+03,3.793528032375512064e+18,1.307631509420408474e+04,3.793528032375512064e+18,3.447006317761590466e-15,1.000000000000000000e+00
2.798296875655115855e+03,3.833630674066040832e+18,1.481062681586603321e+04,3.833630674066040832e+18,3.863342109624119408e-15,1.000000000000000000e+00
3.040646493467068467e+03,3.873734506360806400e+18,1.677502233391027403e+04,3.873734506360806400e+18,4.330452256437581044e-15,1.000000000000000000e+00
3.303985069871861469e+03,3.913839434427203584e+18,1.900002852122106924e+04,3.913839434427203584e+18,4.854575370182949599e-15,1.000000000000000000e+00
3.590130377007068546e+03,3.953945370981537792e+18,2.152022258215507100e+04,3.953945370981537792e+18,5.442721272806263793e-15,1.000000000000000000e+00
3.901057617190993369e+03,3.994052235688820224e+18,2.437476945869684641e+04,3.994052235688820224e+18,6.102766819346101506e-15,1.000000000000000000e+00
4.238913057338782892e+03,4.034159954610160128e+18,2.760803054094791514e+04,4.034159954610160128e+18,6.843563679074745484e-15,1.000000000000000000e+00
4.606028844202407527e+03,4.074268459694034944e+18,3.127025314278855876e+04,4.074268459694034944e+18,7.675059572568485155e-15,1.000000000000000000e+00
5.004939102700953299e+03,4.114377688307928064e+18,3.541835145883762016e+04,4.114377688307928064e+18,8.608434650880024915e-15,1.000000000000000000e+00
5.438397428464801123e+03,4.154487582807177728e+18,4.011679114068047056e+04,4.154487582807177728e+18,9.656254914974049411e-15,1.000000000000000000e+00
5.909395895340976494e+03,4.194598090138057728e+18,4.543859124082939525e+04,4.194598090138057728e+18,1.083264481230283168e-14,1.000000000000000000e+00
6.421185709064758157e+03,4.234709161472410112e+18,5.146645909706577368e+04,4.234709161472410112e+18,1.215348141622336645e-14,1.000000000000000000e+00
6.977299649665537800e+03,4.274820751871310336e+18,5.829407579602953047e+04,4.274820751871310336e+18,1.363661289669542222e-14,1.000000000000000000e+00
7.581576457522118289e+03,4.314932819975468032e+18,6.602755219529020542e+04,4.314932819975468032e+18,1.530210433164185296e-14,1.000000000000000000e+00
8.238187331399618415e+03,4.355045327720249344e+18,7.478707813403432374e+04,4.355045327720249344e+18,1.717251429233306665e-14,1.000000000000000000e+00
8.951664721378301692e+03,4.395158240073356288e+18,8.470879046512277273e+04,4.395158240073356288e+18,1.927320606861903723e-14,1.000000000000000000e+00
9.726933615426178221e+03,4.435271524793380864e+18,9.594688894229559810e+04,4.435271524793380864e+18,2.163269788691580338e-14,1.000000000000000000e+00
1.056934553557989420e+04,4.475385152207556096e+18,1.086760328485716163e+05,4.475385152207556096e+18,2.428305702246999010e-14,1.000000000000000000e+00
1.148471547840288986e+04,4.515499095007196160e+18,1.230940556153037905e+05,4.515499095007196160e+18,2.726034332537223440e-14,1.000000000000000000e+00
1.247936205471311405e+04,4.555613328059419136e+18,1.394250396236983943e+05,4.555613328059419136e+18,3.060510837584411228e-14,1.000000000000000000e+00
1.356015110565634677e+04,4.595727828233843200e+18,1.579227989787213737e+05,4.595727828233843200e+18,3.436295726838369723e-14,1.000000000000000000e+00
1.473454309619837295e+04,4.635842574243089408e+18,1.788748243862154195e+05,4.635842574243089408e+18,3.858518090757664553e-14,1.000000000000000000e+00
1.601064461318317808e+04,4.675957546495967232e+18,2.026067514462544350e+05,4.675957546495967232e+18,4.332946769332461604e-14,1.000000000000000000e+00
1.739726432343802662e+04,4.716072726962368512e+18,2.294874218109432841e+05,4.716072726962368512e+18,4.866070459408639929e-14,1.000000000000000000e+00
1.890397377819223402e+04,4.756188099048893440e+18,2.599346158694222104e+05,4.756188099048893440e+18,5.465187886942527728e-14,1.000000000000000000e+00
2.054117348353064153e+04,4.796303647484398592e+18,2.944215460600325023e+05,4.796303647484398592e+18,6.138509312571419675e-14,1.000000000000000000e+00
2.232016469295234492e+04,4.836419358214660096e+18,3.334842117315938813e+05,4.836419358214660096e+18,6.895270799153734375e-14,1.000000000000000000e+00
2.425322741760355348e+04,4.876535218305404928e+18,3.777297298663239344e+05,4.876535218305404928e+18,7.745862850501158567e-14,1.000000000000000000e+00
2.635370519267398413e+04,4.916651215853092864e+18,4.278457711442345171e+05,4.916651215853092864e+18,8.701975233970273986e-14,1.000000000000000000e+00
2.863609718508115839e+04,4.956767339902777344e+18,4.846112480085252319e+05,4.956767339902777344e+18,9.776760028806000573e-14,1.000000000000000000e+00
3.111615827824363078e+04,4.996883580372540416e+18,5.489084208506841678e+05,4.996883580372540416e+18,1.098501520040938264e-13,1.000000000000000000e+00
3.381100782480688940e+04,5.036999927983909888e+18,6.217366104750240920e+05,5.036999927983909888e+18,1.234339129172626337e-13,1.000000000000000000e+00
3.673924781802073994e+04,5.077116374197850112e+18,7.042277299679527059e+05,5.077116374197850112e+18,1.387062415088359943e-13,1.000000000000000000e+00
3.992109129748053238e+04,5.117232911155837952e+18,7.976638773752410198e+05,5.117232911155837952e+18,1.558779698372320829e-13,1.000000000000000000e+00
4.337850187558993639e+04,5.157349531625634816e+18,9.034972626205569832e+05,5.157349531625634816e+18,1.751863543628713426e-13,1.000000000000000000e+00
4.713534534786916629e+04,5.197466228951379968e+18,1.023372778378407937e+06,5.197466228951379968e+18,1.968983988155473979e-13,1.000000000000000000e+00
5.121755443364241364e+04,5.237582997007656960e+18,1.159153565708110807e+06,5.237582997007656960e+18,2.213145961353471739e-13,1.000000000000000000e+00
5.565330778427651967e+04,5.277699830157232128e+18,1.312949971801383421e+06,5.277699830157232128e+18,2.487731424775380334e-13,1.000000000000000000e+00
6.047322449462654913e+04,5.317816723212138496e+18,1.487152349917831365e+06,5.317816723212138496e+18,2.796546829879352963e-13,1.000000000000000000e+00
6.571057546036269923e+04,5.357933671397879808e+18,1.684468211299743503e+06,5.357933671397879808e+18,3.143876566243992385e-13,1.000000000000000000e+00
7.140151304013402842e+04,5.398050670320481280e+18,1.907964306497931480e+06,5.398050670320481280e+18,3.534543158307656108e-13,1.000000000000000000e+00
7.758532060787844239e+04,5.438167715936158720e+18,2.161114290155459195e+06,5.438167715936158720e+18,3.973975064841176874e-13,1.000000000000000000e+00
8.430468371788966761e+04,5.478284804523413504e+18,2.447852710076868068e+06,5.478284804523413504e+18,4.468283043728721365e-13,1.000000000000000000e+00
9.160598475443708594e+04,5.518401932657353728e+18,2.772636159705273807e+06,5.518401932657353728e+18,5.024346166771739911e-13,1.000000000000000000e+00
9.953962309984244348e+04,5.558519097186044928e+18,3.140512544466589112e+06,5.558519097186044928e+18,5.649908706900814402e-13,1.000000000000000000e+00
1.081603630310711596e+05,5.598636295208761344e+18,3.557199538549704943e+06,5.598636295208761344e+18,6.353689275357838966e-13,1.000000000000000000e+00
1.175277117462945171e+05,5.638753524055967744e+18,4.029173451533139683e+06,5.638753524055967744e+18,7.145503761325865939e-13,1.000000000000000000e+00
1.277063301308644732e+05,5.678870781270892544e+18,4.563769886063390411e+06,5.678870781270892544e+18,8.036403823652507185e-13,1.000000000000000000e+00
1.387664790981309779e+05,5.718988064592571392e+18,5.169297751051787287e+06,5.718988064592571392e+18,9.038832906569555693e-13,1.000000000000000000e+00
1.507845045861051185e+05,5.759105371940235264e+18,5.855168402434546500e+06,5.759105371940235264e+18,1.016680200185666686e-12,1.000000000000000000e+00
1.638433645577984571e+05,5.799222701398963200e+18,6.632041918659809045e+06,5.799222701398963200e+18,1.143608766233437188e-12,1.000000000000000000e+00
1.780332016430115618e+05,5.839340051206450176e+18,7.511992784381063655e+06,5.839340051206450176e+18,1.286445508997036590e-12,1.000000000000000000e+00
1.934519653744048264e+05,5.879457419740850176e+18,8.508697557487858459e+06,5.879457419740850176e+18,1.447190948082909530e-12,1.000000000000000000e+00
2.102060883130158472e+05,5.919574805509580800e+18,9.637647436279153451e+06,5.919574805509580800e+18,1.628097921375875878e-12,1.000000000000000000e+00
2.284112207303825708e+05,5.959692207139023872e+18,1.091638903059437312e+07,5.959692207139023872e+18,1.831703492592754691e-12,1.000000000000000000e+00
2.481930289186257869e+05,5.999809623365037056e+18,1.236479707907523774e+07,5.999809623365037056e+18,2.060864903266772283e-12,1.000000000000000000e+00
2.696880626390692778e+05,6.039927053024235520e+18,1.400538335125345923e+07,6.039927053024235520e+18,2.318800082898495050e-12,1.000000000000000000e+00
2.930446976972144330e+05,6.080044495045958656e+18,1.586364653555972874e+07,6.080044495045958656e+18,2.609133296390426647e-12,1.000000000000000000e+00
3.184241601504656137e+05,6.120161948444877824e+18,1.796846855137075111e+07,6.120161948444877824e+18,2.935946581599283952e-12,1.000000000000000000e+00
3.460016392185115837e+05,6.160279412314199040e+18,2.035256344475559890e+07,6.160279412314199040e+18,3.303837712956896602e-12,1.000000000000000000e+00
3.759674965785467648e+05,6.200396885819400192e+18,2.305298584486091509e+07,6.200396885819400192e+18,3.717985520827574808e-12,1.000000000000000000e+00
4.085285803928565583e+05,6.240514368192475136e+18,2.611170688359409571e+07,6.240514368192475136e+18,4.184223501941424925e-12,1.000000000000000000e+00
4.439096531392175821e+05,6.280631858726628352e+18,2.957626652980675176e+07,6.280631858726628352e+18,4.709122775395915802e-12,1.000000000000000000e+00
4.823549431001467165e+05,6.320749356771395584e+18,3.350051247685192898e+07,6.320749356771395584e+18,5.300085573075754699e-12,1.000000000000000000e+00
5.241298302206061780e+05,6.360866861728160768e+18,3.794543706763833761e+07,6.360866861728160768e+18,5.965450604845559944e-12,1.000000000000000000e+00
5.695226779712830903e+05,6.400984373046017024e+18,4.298012526504719257e+07,6.400984373046017024e+18,6.714611809713632048e-12,1.000000000000000000e+00
6.188468238624394871e+05,6.441101890217964544e+18,4.868282840149745345e+07,6.441101890217964544e+18,7.558152196820790000e-12,1.000000000000000000e+00
6.724427423484249739e+05,6.481219412777414656e+18,5.514218039635805041e+07,6.481219412777414656e+18,8.507994697363257458e-12,1.000000000000000000e+00
7.306803950529507129e+05,6.521336940294967296e+18,6.245857534420805424e+07,6.521336940294967296e+18,9.577572193560510417e-12,1.000000000000000000e+00
7.939617845382292289e+05,6.561454472375446528e+18,7.074572788504089415e+07,6.561454472375446528e+18,1.078201916707482502e-11,1.000000000000000000e+00
8.627237292461449979e+05,6.601572008655171584e+18,8.013244060839298368e+07,6.601572008655171584e+18,1.213838772088423063e-11,1.000000000000000000e+00
9.374408787663000403e+05,6.641689548799451136e+18,9.076460596118830144e+07,6.641689548799451136e+18,1.366589108001816738e-11,1.000000000000000000e+00
1.018628990244688583e+06,6.681807092500267008e+18,1.028074737738510370e+08,6.681807092500267008e+18,1.538617807288140252e-11,1.000000000000000000e+00
1.106848488549411995e+06,6.721924639474151424e+18,1.164482196476048529e+08,6.721924639474151424e+18,1.732364254186498457e-11,1.000000000000000000e+00
1.202708334768514382e+06,6.762042189460233216e+18,1.318988541219913960e+08,6.762042189460233216e+18,1.950577213605346631e-11,1.000000000000000000e+00
1.306870229743347736e+06,6.802159742218426368e+18,1.493995178381962478e+08,6.802159742218426368e+18,2.196354150740243283e-11,1.000000000000000000e+00
1.420053181653681677e+06,6.842277297527787520e+18,1.692222139131114781e+08,6.842277297527787520e+18,2.473185557303471001e-11,1.000000000000000000e+00
1.543038469183567679e+06,6.882394855184982016e+18,1.916750355343616009e+08,6.882394855184982016e+18,2.785004922958751583e-11,1.000000000000000000e+00
1.676675034527700860e+06,6.922512415002875904e+18,2.171069544834863245e+08,6.922512415002875904e+18,3.136245072135362058e-11,1.000000000000000000e+00
1.821885343465165235e+06,6.962629976809255936e+18,2.459132450126814842e+08,6.962629976809255936e+18,3.531901678413986679e-11,1.000000000000000000e+00
1.979671752951336559e+06,7.002747540445636608e+18,2.785416273754169345e+08,7.002747540445636608e+18,3.977604872468260499e-11,1.000000000000000000e+00
2.151123430182167329e+06,7.042865105766154240e+18,3.154992264964644313e+08,7.042865105766154240e+18,4.479699976621134224e-11,1.000000000000000000e+00
2.337423870891812723e+06,7.082982672636583936e+18,3.573604539361408949e+08,7.082982672636583936e+18,5.045338531134883103e-11,1.000000000000000000e+00
2.539859068780729081e+06,7.123100240933390336e+18,4.047759356537861824e+08,7.123100240933390336e+18,5.682580926317913442e-11,1.000000000000000000e+00
2.759826392466180492e+06,7.163217810542885888e+18,4.584826243298105597e+08,7.163217810542885888e+18,6.400512122568880003e-11,1.000000000000000000e+00
2.998844231231037062e+06,7.203335381360447488e+18,5.193152534166151285e+08,7.203335381360447488e+18,7.209372130033121418e-11,1.000000000000000000e+00
3.258562476153229829e+06,7.243452953289784320e+18,5.882193109423494339e+08,7.243452953289784320e+18,8.120703133375027308e-11,1.000000000000000000e+00
3.540773908965269569e+06,7.283570526242285568e+18,6.662657347122986317e+08,7.283570526242285568e+18,9.147515388390646555e-11,1.000000000000000000e+00
3.847426577258513775e+06,7.323688100136406016e+18,7.546675573072822094e+08,7.323688100136406016e+18,1.030447428930276638e-10,1.000000000000000000e+00
4.180637241455762181e+06,7.363805674897089536e+18,8.547987595831606388e+08,7.363805674897089536e+18,1.160811131256674024e-10,1.000000000000000000e+00
4.542705986374042928e+06,7.403923250455270400e+18,9.682156257010960579e+08,7.403923250455270400e+18,1.307706188933765804e-10,1.000000000000000000e+00
4.936132098237927072e+06,7.444040826747387904e+18,1.096680931598006010e+09,7.444040826747387904e+18,1.473233364945409167e-10,1.000000000000000000e+00
5.363631316739245318e+06,7.484158403714940928e+18,1.242191342845358610e+09,7.484158403714940928e+18,1.659760892058039994e-10,1.000000000000000000e+00
5.828154581230839714e+06,7.524275981304096768e+18,1.407008447726266623e+09,7.524275981304096768e+18,1.869958586344151928e-10,1.000000000000000000e+00
6.332908400455127470e+06,7.564393559465314304e+18,1.593693907860852003e+09,7.564393559465314304e+18,2.106836318513154668e-10,1.000000000000000000e+00
6.881376986415670253e+06,7.604511138152993792e+18,1.805149272706806660e+09,7.604511138152993792e+18,2.373787400547152914e-10,1.000000000000000000e+00
7.477346305177580565e+06,7.644628717325175808e+18,2.044661076750179291e+09,7.644628717325175808e+18,2.674637516556327887e-10,1.000000000000000000e+00
8.124930210614063777e+06,7.684746296943246336e+18,2.315951920307120800e+09,7.684746296943246336e+18,3.013699907345457119e-10,1.000000000000000000e+00
8.828598841495150700e+06,7.724863876971663360e+18,2.623238327857509613e+09,7.724863876971663360e+18,3.395837609096982160e-10,1.000000000000000000e+00
9.593209477938270196e+06,7.764981457377723392e+18,2.971296283170958519e+09,7.764981457377723392e+18,3.826533649153595859e-10,1.000000000000000000e+00
1.042404007021557912e+07,7.805099038131324928e+18,3.365535459801343441e+09,7.805099038131324928e+18,4.311970217622133566e-10,1.000000000000000000e+00
1.132682567136153765e+07,7.845216619204769792e+18,3.812083300674145699e+09,7.845216619204769792e+18,4.859117964113727466e-10,1.000000000000000000e+00
1.230779802506668307e+07,7.885334200572564480e+18,4.317880253569121361e+09,7.885334200572564480e+18,5.475836716287299964e-10,1.000000000000000000e+00
1.337372858212497644e+07,7.925451782211248128e+18,4.890787642691242218e+09,7.925451782211248128e+18,6.170989083131717011e-10,1.000000000000000000e+00
1.453197524236895330e+07,7.965569364099228672e+18,5.539709852918829918e+09,7.965569364099228672e+18,6.954568593534904886e-10,1.000000000000000000e+00
1.579053314474179037e+07,8.005686946216640512e+18,6.274732725771167755e+09,8.005686946216640512e+18,7.837844232388459534e-10,1.000000000000000000e+00
1.715808985610006750e+07,8.045804528545191936e+18,7.107280318108306885e+09,8.045804528545191936e+18,8.833523475362649614e-10,1.000000000000000000e+00
1.864408533970485255e+07,8.085922111068056576e+18,8.050292459977940559e+09,8.085922111068056576e+18,9.955936193051691829e-10,1.000000000000000000e+00
2.025877711735021323e+07,8.126039693769750528e+18,9.118425871292877197e+09,8.126039693769750528e+18,1.122124209937590036e-09,1.000000000000000000e+00
2.201331107493032515e+07,8.166157276636015616e+18,1.032828196318548203e+10,8.166157276636015616e+18,1.264766476239132150e-09,1.000000000000000000e+00
2.391979840020237118e+07,8.206274859653737472e+18,1.169866486463112831e+10,8.206274859653737472e+18,1.425575558302071197e-09,1.000000000000000000e+00
2.599139918382938206e+07,8.246392442810844160e+18,1.325087368470598221e+10,8.246392442810844160e+18,1.606869158435215441e-09,1.000000000000000000e+00
2.824241326078435779e+07,8.286510026096225280e+18,1.500903355295124817e+10,8.286510026096225280e+18,1.811261134746011296e-09,1.000000000000000000e+00
3.068837891917639226e+07,8.326627609499656192e+18,1.700047058302354431e+10,8.326627609499656192e+18,2.041699398641065820e-09,1.000000000000000000e+00
3.334618015786369517e+07,8.366745193011733504e+18,1.925613658748430634e+10,8.366745193011733504e+18,2.301508668337104666e-09,1.000000000000000000e+00
3.623416323323149979e+07,8.406862776623789056e+18,2.181109014483750534e+10,8.406862776623789056e+18,2.594438701376885956e-09,1.000000000000000000e+00
3.937226329963491112e+07,8.446980360327861248e+18,2.470504149577817917e+10,8.446980360327861248e+18,2.924718709162392001e-09,1.000000000000000000e+00
4.278214201767621934e+07,8.487097944116612096e+18,2.798296973767211533e+10,8.487097944116612096e+18,3.297118746823269829e-09,1.000000000000000000e+00
4.648733708020256460e+07,8.527215527983294464e+18,3.169582190998550034e+10,8.527215527983294464e+18,3.717018973658055520e-09,1.000000000000000000e+00
5.051342468816776574e+07,8.567333111921696768e+18,3.590130483616278839e+10,8.567333111921696768e+18,4.190487794411199473e-09,1.000000000000000000e+00
5.488819609789676964e+07,8.607450695926100992e+18,4.066478202911714935e+10,8.607450695926100992e+18,4.724370021470324270e-09,1.000000000000000000e+00
5.964184945842459798e+07,8.647568279991248896e+18,4.606028960044602966e+10,8.647568279991248896e+18,5.326386344588959893e-09,1.000000000000000000e+00
6.480719826311983913e+07,8.687685864112297984e+18,5.217168696308742523e+10,8.687685864112297984e+18,6.005245560109613208e-09,1.000000000000000000e+00
7.041989785449296236e+07,8.727803448284793856e+18,5.909396021215824127e+10,8.727803448284793856e+18,6.770771198310097872e-09,1.000000000000000000e+00
7.651869154570817947e+07,8.767921032504632320e+18,6.693469844171099091e+10,8.767921032504632320e+18,7.634044398161112971e-09,1.000000000000000000e+00
8.314567805772081017e+07,8.808038616768044032e+18,7.581576594298512268e+10,8.808038616768044032e+18,8.607565116557628385e-09,1.000000000000000000e+00
9.034660211810533702e+07,8.848156201071554560e+18,8.587519627421423340e+10,8.848156201071554560e+18,9.705434027466008726e-09,1.000000000000000000e+00
9.817117022752183676e+07,8.888273785411966976e+18,9.726933764048208618e+10,8.888273785411966976e+18,1.094355776935303929e-08,1.000000000000000000e+00
1.066733937734859288e+08,8.928391369786343424e+18,1.101752829280811615e+11,8.928391369786343424e+18,1.233988054118170456e-08,1.000000000000000000e+00
1.159119618598885685e+08,8.968508954191972352e+18,1.247936221620674133e+11,8.968508954191972352e+18,1.391464543320075536e-08,1.000000000000000000e+00
1.259506464258361608e+08,9.008626538626367488e+18,1.413515601669562073e+11,9.008626538626367488e+18,1.569068931439014338e-08,1.000000000000000000e+00
1.368587424502520561e+08,9.048744123087229952e+18,1.601064478866317444e+11,9.048744123087229952e+18,1.769377559015415925e-08,1.000000000000000000e+00
1.487115462808953822e+08,9.088861707572455424e+18,1.813497822488597107e+11,9.088861707572455424e+18,1.995296969891914493e-08,1.000000000000000000e+00
1.615908753895922303e+08,9.128979292080101376e+18,2.054117367420832520e+11,9.128979292080101376e+18,2.250106284284042602e-08,1.000000000000000000e+00
1.755856331414470673e+08,9.169096876608378880e+18,2.326662931207772217e+11,9.169096876608378880e+18,2.537505015508569750e-08,1.000000000000000000e+00
1.907924224765264988e+08,9.209214461155643392e+18,2.635370539986537781e+11,9.209214461155643392e+18,2.861667030453573558e-08,1.000000000000000000e+00
2.073162127401235402e+08,9.249332045720387584e+18,2.985038266716461182e+11,9.249332045720387584e+18,3.227301443997375969e-08,1.000000000000000000e+00
2.252710642645982802e+08,9.289449630301208576e+18,3.381100804994238281e+11,9.289449630301208576e+18,3.639721339319654217e-08,1.000000000000000000e+00
2.447809157044440210e+08,9.329567214896830464e+18,3.829713937514490967e+11,9.329567214896830464e+18,4.104921320894134693e-08,1.000000000000000000e+00
2.659804395593763888e+08,9.369684799506075648e+18,4.337850212022362671e+11,9.369684799506075648e+18,4.629665036598704986e-08,1.000000000000000000e+00
2.890159717909511328e+08,9.409802384127854592e+18,4.913407311797071533e+11,9.409802384127854592e+18,5.221583951736165679e-08,1.000000000000000000e+00
3.140465219496749043e+08,9.449919968761167872e+18,5.565330805009676514e+11,9.449919968761167872e+18,5.889288822981704613e-08,1.000000000000000000e+00
3.412448707852896452e+08,9.490037553405097984e+18,6.303753180780516357e+11,9.490037553405097984e+18,6.642495506794576342e-08,1.000000000000000000e+00
3.707987629168172479e+08,9.530155138058799104e+18,7.140151332897607422e+11,9.530155138058799104e+18,7.492166947401852795e-08,1.000000000000000000e+00
4.029122027951360345e+08,9.570272722721492992e+18,8.087524938879500732e+11,9.570272722721492992e+18,8.450673427182811095e-08,1.000000000000000000e+00
4.378068629038175344e+08,9.610390307392458752e+18,9.160598506829481201e+11,9.610390307392458752e+18,9.531973430655577914e-08,1.000000000000000000e+00
4.757236139187889695e+08,9.650507892071043072e+18,1.037605023038575195e+12,9.650507892071043072e+18,1.075181777625488658e-07,1.000000000000000000e+00
5.169241873891614676e+08,9.690625476756633600e+18,1.175277120873345215e+12,9.690625476756633600e+18,1.212798001214984594e-07,1.000000000000000000e+00
5.616929824163814783e+08,9.730743061448673280e+18,1.331215906059319824e+12,9.730743061448673280e+18,1.368051645853583698e-07,1.000000000000000000e+00
6.103390288028621674e+08,9.770860646146650112e+18,1.507845049566807373e+12,9.770860646146650112e+18,1.543205971483646663e-07,1.000000000000000000e+00
6.631981202212688923e+08,9.810978230850091008e+18,1.707909801252328857e+12,9.810978230850091008e+18,1.740814994249909387e-07,1.000000000000000000e+00
7.206351321293059587e+08,9.851095815558555648e+18,1.934519657770745361e+12,9.851095815558555648e+18,1.963760878983043633e-07,1.000000000000000000e+00
7.830465404301183224e+08,9.891213400271648768e+18,2.191196691775593018e+12,9.891213400271648768e+18,2.215296145279218094e-07,1.000000000000000000e+00
8.508631582640599012e+08,9.931330984989001728e+18,2.481930293561696777e+12,9.931330984989001728e+18,2.499091307411949229e-07,1.000000000000000000e+00
9.245531098233579397e+08,9.971448569710268416e+18,2.811239175969436523e+12,9.971448569710268416e+18,2.819288648300294416e-07,1.000000000000000000e+00
1.004625061717340231e+09,1.001156615443514368e+19,3.184241606259022949e+12,1.001156615443514368e+19,3.180562918068915491e-07,1.000000000000000000e+00
1.091631734193616867e+09,1.005168373916333875e+19,3.606734956530016602e+12,1.005168373916333875e+19,3.588189849703952492e-07,1.000000000000000000e+00
1.186173716452479124e+09,1.009180132389458534e+19,4.085285809094696289e+12,1.009180132389458534e+19,4.048123499440950160e-07,1.000000000000000000e+00
1.288903612390891552e+09,1.013191890862864384e+19,4.627332017263879883e+12,1.013191890862864384e+19,4.567083549517067670e-07,1.000000000000000000e+00
1.400530545393222570e+09,1.017203649336529101e+19,5.241298307819622070e+12,1.017203649336529101e+19,5.152653857699250720e-07,1.000000000000000000e+00
1.521825053264387131e+09,1.021215407810431795e+19,5.936727221920713867e+12,1.021215407810431795e+19,5.813393703733413461e-07,1.000000000000000000e+00
1.653624407094185591e+09,1.025227166284553421e+19,6.724427429583995117e+12,1.025227166284553421e+19,6.558963369994840417e-07,1.000000000000000000e+00
1.796838390767722845e+09,1.029238924758876774e+19,7.616641722911277344e+12,1.029238924758876774e+19,7.400265904921593964e-07,1.000000000000000000e+00
1.952455581016860962e+09,1.033250683233385677e+19,8.627237299089441406e+12,1.033250683233385677e+19,8.349607156408491996e-07,1.000000000000000000e+00
2.121550171362456799e+09,1.037262441708065382e+19,9.771921290627080078e+12,1.037262441708065382e+19,9.420876431750104672e-07,1.000000000000000000e+00
2.305289387051710606e+09,1.041274200182902170e+19,1.106848489269615625e+13,1.041274200182902170e+19,1.062975044493751097e-06,1.000000000000000000e+00
2.504941542174502373e+09,1.045285958657883341e+19,1.253707988191660547e+13,1.045285958657883341e+19,1.199392355563050979e-06,1.000000000000000000e+00
2.721884794575185299e+09,1.049297717132998246e+19,1.420053182436262891e+13,1.049297717132998246e+19,1.353336769202435474e-06,1.000000000000000000e+00
2.957616658993256569e+09,1.053309475608235008e+19,1.608469484081118164e+13,1.053309475608235008e+19,1.527062578785124102e-06,1.000000000000000000e+00
3.213764344100275517e+09,1.057321234083584614e+19,1.821885344315516406e+13,1.057321234083584614e+19,1.723114305837813604e-06,1.000000000000000000e+00
3.492095984787278652e+09,1.061332992559038259e+19,2.063617768750274609e+13,1.061332992559038259e+19,1.944364099880257677e-06,1.000000000000000000e+00
3.794532847236942291e+09,1.065344751034587136e+19,2.337423871815814062e+13,1.065344751034587136e+19,2.194053961917843265e-06,1.000000000000000000e+00
4.123162591029747963e+09,1.069356509510224077e+19,2.647559271530241797e+13,1.069356509510224077e+19,2.475843414225673099e-06,1.000000000000000000e+00
4.480253679829498291e+09,1.073368267985941709e+19,2.998844232235057031e+13,1.073368267985941709e+19,2.793863319494306062e-06,1.000000000000000000e+00
4.868271040122283936e+09,1.077380026461733683e+19,3.396738583318804688e+13,1.077380026461733683e+19,3.152776643237176204e-06,1.000000000000000000e+00
5.289893076098167419e+09,1.081391784937594470e+19,3.847426578349496094e+13,1.081391784937594470e+19,3.557847055932208215e-06,1.000000000000000000e+00
5.748030158125362396e+09,1.085403543413517926e+19,4.357913013534275000e+13,1.085403543413517926e+19,4.015016387203735073e-06,1.000000000000000000e+00
6.245844712439618111e+09,1.089415301889499546e+19,4.936132099423377344e+13,1.089415301889499546e+19,4.530992075163686211e-06,1.000000000000000000e+00
6.786773050723316193e+09,1.093427060365534822e+19,5.591070777991044531e+13,1.093427060365534822e+19,5.113345901757670321e-06,1.000000000000000000e+00
7.374549090259561539e+09,1.097438818841618637e+19,6.332908401743255469e+13,1.097438818841618637e+19,5.770625471794263675e-06,1.000000000000000000e+00
8.013230128396886826e+09,1.101450577317747917e+19,7.173174945808362500e+13,1.101450577317747917e+19,6.512480081744998475e-06,1.000000000000000000e+00
8.707224849239938736e+09,1.105462335793918976e+19,8.124930212013767188e+13,1.105462335793918976e+19,7.349802837179992322e-06,1.000000000000000000e+00
9.461323755890779495e+09,1.109474094270128128e+19,9.202966810219468750e+13,1.109474094270128128e+19,8.294891118006388485e-06,1.000000000000000000e+00
1.028073223830864716e+10,1.113485852746372710e+19,1.042404007173646875e+14,1.113485852746372710e+19,9.361627762064465971e-06,1.000000000000000000e+00
1.117110650504826355e+10,1.117497611222649651e+19,1.180712846824734062e+14,1.117497611222649651e+19,1.056568564413234755e-05,1.000000000000000000e+00
1.213859262690629005e+10,1.121509369698956288e+19,1.337372858377760781e+14,1.121509369698956288e+19,1.192475867354320992e-05,1.000000000000000000e+00
1.318986896198669243e+10,1.125521128175290368e+19,1.514818922430615000e+14,1.125521128175290368e+19,1.345882262456022729e-05,1.000000000000000000e+00
1.433219225503576851e+10,1.129532886651650048e+19,1.715808985789585938e+14,1.129532886651650048e+19,1.519042965518138614e-05,1.000000000000000000e+00
1.557344772926135063e+10,1.133544645128032666e+19,1.943466926723212500e+14,1.133544645128032666e+19,1.714504086871408581e-05,1.000000000000000000e+00
1.692220351641042519e+10,1.137556403604436992e+19,2.201331107688169688e+14,1.137556403604436992e+19,1.935140183566352401e-05,1.000000000000000000e+00
1.838776980082330704e+10,1.141568162080860774e+19,2.493409370155288125e+14,1.141568162080860774e+19,2.184196662957277153e-05,1.000000000000000000e+00
1.998026308572550583e+10,1.145579920557302579e+19,2.824241326290463125e+14,1.145579920557302579e+19,2.465337664888997003e-05,1.000000000000000000e+00
2.171067602537271500e+10,1.149591679033761587e+19,3.198968915655569375e+14,1.149591679033761587e+19,2.782700130836299407e-05,1.000000000000000000e+00
2.359095330508638763e+10,1.153603437510235341e+19,3.623416323553547500e+14,1.153603437510235341e+19,3.140954859993990708e-05,1.000000000000000000e+00
2.563407409296514893e+10,1.157615195986723430e+19,4.104180503144868750e+14,1.157615195986723430e+19,3.545375455828017120e-05,1.000000000000000000e+00
2.785414163241774750e+10,1.161626954463224832e+19,4.648733708270619375e+14,1.161626954463224832e+19,4.001916183512415660e-05,1.000000000000000000e+00
3.026648059395695114e+10,1.165638712939737907e+19,5.265539630593725000e+14,1.165638712939737907e+19,4.517299890730333659e-05,1.000000000000000000e+00
3.288774285825510025e+10,1.169650471416262042e+19,5.964184946114483750e+14,1.169650471416262042e+19,5.099117293470414110e-05,1.000000000000000000e+00
3.573602246065795898e+10,1.173662229892796416e+19,6.755528315615227500e+14,1.173662229892796416e+19,5.755939096917419277e-05,1.000000000000000000e+00
3.883098049059609222e+10,1.177673988369340006e+19,7.651869154866418750e+14,1.177673988369340006e+19,6.497442611822935713e-05,1.000000000000000000e+00
4.219398080805023956e+10,1.181685746845892198e+19,8.667138797697342500e+14,1.181685746845892198e+19,7.334554741674188339e-05,1.000000000000000000e+00
4.584823751389105225e+10,1.185697505322452378e+19,9.817117023073406250e+14,1.185697505322452378e+19,8.279613458749434556e-05,1.000000000000000000e+00
4.981897519205165100e+10,1.189709263799019725e+19,1.111967731154180500e+15,1.189709263799019725e+19,9.346550161368060588e-05,1.000000000000000000e+00
5.413360302965375519e+10,1.193721022275593626e+19,1.259506464293256250e+15,1.193721022275593626e+19,1.055109561438614577e-04,1.000000000000000000e+00
5.882190401699967957e+10,1.197732780752174080e+19,1.426621015297121250e+15,1.197732780752174080e+19,1.191101252485722047e-04,1.000000000000000000e+00
6.391624053344005585e+10,1.201744539228759859e+19,1.615908753933841750e+15,1.201744539228759859e+19,1.344635819997883183e-04,1.000000000000000000e+00
6.945177773823718262e+10,1.205756297705351168e+19,1.830311675660151250e+15,1.205756297705351168e+19,1.517978118085203468e-04,1.000000000000000000e+00
7.546672630843902588e+10,1.209768056181946982e+19,2.073162127442442500e+15,1.209768056181946982e+19,1.713685624982846077e-04,1.000000000000000000e+00
8.200260619934130859e+10,1.213779814658547098e+19,2.348234600597230500e+15,1.213779814658547098e+19,1.934646277881809403e-04,1.000000000000000000e+00
8.910453324821540833e+10,1.217791573135151718e+19,2.659804395638545500e+15,1.217791573135151718e+19,2.184121202933761669e-04,1.000000000000000000e+00
9.682153059967095947e+10,1.221803331611759821e+19,3.012714070927845000e+15,1.221803331611759821e+19,2.465792974188062430e-04,1.000000000000000000e+00
1.052068671023622894e+11,1.225815090088371405e+19,3.412448707901543500e+15,1.225815090088371405e+19,2.783820117319271486e-04,1.000000000000000000e+00
1.143184250129152679e+11,1.229826848564986266e+19,3.865221162681994500e+15,1.229826848564986266e+19,3.142898666744913818e-04,1.000000000000000000e+00
1.242190995452618713e+11,1.233838607041603789e+19,4.378068629091042500e+15,1.233838607041603789e+19,3.548331689497391636e-04,1.000000000000000000e+00
1.349772330233941803e+11,1.237850365518224179e+19,4.958962013892321000e+15,1.237850365518224179e+19,4.006107807559001186e-04,1.000000000000000000e+00
1.466670866343971558e+11,1.241862123994847232e+19,5.616929824221273000e+15,1.241862123994847232e+19,4.522989884056226057e-04,1.000000000000000000e+00
1.593693530381776123e+11,1.245873882471472128e+19,6.362198492717377000e+15,1.245873882471472128e+19,5.106615189730536949e-04,1.000000000000000000e+00
1.731717133723352661e+11,1.249885640948099277e+19,7.206351321355466000e+15,1.249885640948099277e+19,5.765608536705083562e-04,1.000000000000000000e+00
1.881694424970559387e+11,1.253897399424728678e+19,8.162508514352322000e+15,1.253897399424728678e+19,6.509710059289676833e-04,1.000000000000000000e+00
2.044660666579117737e+11,1.257909157901359309e+19,9.245531098301406000e+15,1.257909157901359309e+19,7.349919539282348492e-04,1.000000000000000000e+00
2.221740781062891541e+11,1.261920916377991987e+19,1.047225189895510200e+16,1.261920916377991987e+19,8.298659419175738287e-04,1.000000000000000000e+00
2.414157116103022766e+11,1.265932674854625894e+19,1.186173716459851800e+16,1.265932674854625894e+19,9.369958924522322694e-04,1.000000000000000000e+00
2.623237882163123474e+11,1.269944433331261235e+19,1.343558290228508800e+16,1.269944433331261235e+19,1.057966203059882739e-03,1.000000000000000000e+00
2.850426320853443604e+11,1.273956191807898214e+19,1.521825053272402000e+16,1.273956191807898214e+19,1.194566236310487225e-03,1.000000000000000000e+00
3.097290667331412964e+11,1.277967950284535808e+19,1.723744708071971200e+16,1.277967950284535808e+19,1.348816852322614690e-03,1.000000000000000000e+00
3.365534975507094116e+11,1.281979708761174835e+19,1.952455581025562800e+16,1.281979708761174835e+19,1.523000377995291366e-03,1.000000000000000000e+00
3.657010880777500610e+11,1.285991467237814682e+19,2.211512399734568800e+16,1.285991467237814682e+19,1.719694458381347980e-03,1.000000000000000000e+00
3.973730381485612183e+11,1.290003225714455552e+19,2.504941542183963200e+16,1.290003225714455552e+19,1.941810293378627792e-03,1.000000000000000000e+00
4.317879727332021484e+11,1.294014984191097037e+19,2.837303616526068400e+16,1.294014984191097037e+19,2.192635828169870859e-03,1.000000000000000000e+00
4.691834510607808228e+11,1.298026742667739750e+19,3.213764344110563200e+16,1.298026742667739750e+19,2.475884539563143107e-03,1.000000000000000000e+00
5.098176064420429688e+11,1.302038501144382669e+19,3.640174847456855200e+16,1.302038501144382669e+19,2.795750543672438724e-03,1.000000000000000000e+00
5.539709281106400146e+11,1.306050259621026406e+19,4.123162591040912000e+16,1.306050259621026406e+19,3.156970844473719080e-03,1.000000000000000000e+00
6.019481973827286377e+11,1.310062018097670963e+19,4.670234388338987200e+16,1.310062018097670963e+19,3.564895649078195488e-03,1.000000000000000000e+00
6.540805914998259277e+11,1.314073776574315725e+19,5.289893076110288000e+16,1.314073776574315725e+19,4.025567795668681843e-03,1.000000000000000000e+00
7.107279696773411865e+11,1.318085535050961306e+19,5.991769669323259200e+16,1.318085535050961306e+19,4.545812475737091851e-03,1.000000000000000000e+00
7.722813571388658447e+11,1.322097293527607296e+19,6.786773050736498400e+16,1.322097293527607296e+19,5.133338585565133151e-03,1.000000000000000000e+00
8.391656442830161133e+11,1.326109052004253696e+19,7.687259521677476800e+16,1.326109052004253696e+19,5.796853215095027108e-03,1.000000000000000000e+00
9.118425196146599121e+11,1.330120810480900506e+19,8.707224849254281600e+16,1.330120810480900506e+19,6.546190978025684219e-03,1.000000000000000000e+00
9.908136566858686523e+11,1.334132568957547520e+19,9.862521794883736000e+16,1.334132568957547520e+19,7.392460108061093063e-03,1.000000000000000000e+00
1.076624177045493286e+12,1.338144327434194944e+19,1.117110650506380640e+17,1.338144327434194944e+19,8.348207496035707151e-03,1.000000000000000000e+00
1.169866413101310547e+12,1.342156085910842778e+19,1.265331759390570560e+17,1.342156085910842778e+19,9.427605124867902836e-03,1.000000000000000000e+00
1.271183996869030029e+12,1.346167844387490816e+19,1.433219225505268000e+17,1.346167844387490816e+19,1.064666067816666395e-02,1.000000000000000000e+00
1.381276302832009521e+12,1.350179602864139059e+19,1.623382431614041280e+17,1.350179602864139059e+19,1.202345545859496295e-02,1.000000000000000000e+00
1.500903275579739746e+12,1.354191361340787712e+19,1.838776980084172480e+17,1.354191361340787712e+19,1.357841315915348651e-02,1.000000000000000000e+00
1.630890675549334229e+12,1.358203119817436365e+19,2.082750630192434240e+17,1.358203119817436365e+19,1.533460349047341582e-02,1.000000000000000000e+00
1.772135779080358398e+12,1.362214878294085427e+19,2.359095330510630400e+17,1.362214878294085427e+19,1.731808518686088483e-02,1.000000000000000000e+00
1.925613572129202637e+12,1.366226636770734694e+19,2.672106155081525440e+17,1.366226636770734694e+19,1.955829350097738895e-02,1.000000000000000000e+00
2.092383480396979004e+12,1.370238395247384166e+19,3.026648059397864960e+17,1.370238395247384166e+19,2.208847796044593331e-02,1.000000000000000000e+00
2.273596682327715332e+12,1.374250153724033434e+19,3.428231493736229760e+17,1.374250153724033434e+19,2.494619690924670952e-02,1.000000000000000000e+00
2.470504055456830566e+12,1.378261912200683110e+19,3.883098049061975040e+17,1.378261912200683110e+19,2.817387620370207998e-02,1.000000000000000000e+00
2.684464810961965332e+12,1.382273670677332992e+19,4.398317466652686720e+17,1.382273670677332992e+19,3.181944038981406042e-02,1.000000000000000000e+00
2.916955876018805176e+12,1.386285429153983078e+19,4.981897519207747840e+17,1.386285429153983078e+19,3.593702576999659171e-02,1.000000000000000000e+00
3.169582088726121582e+12,1.390297187630632960e+19,5.642908471265224960e+17,1.390297187630632960e+19,4.058778598899391576e-02,1.000000000000000000e+00
3.444087275973823242e+12,1.394308946107283046e+19,6.391624053346789120e+17,1.394308946107283046e+19,4.584080214927484936e-02,1.000000000000000000e+00
3.742366290721992188e+12,1.398320704583933338e+19,7.239681140913808640e+17,1.398320704583933338e+19,5.177411102603931420e-02,1.000000000000000000e+00
4.066478091781862305e+12,1.402332463060583629e+19,8.200260619937172480e+17,1.402332463060583629e+19,5.847586671451750207e-02,1.000000000000000000e+00
4.418659956385941406e+12,1.406344221537233920e+19,9.288292250175651840e+17,1.406344221537233920e+19,6.604565303381337849e-02,1.000000000000000000e+00
4.801342923653464844e+12,1.410355980013884416e+19,1.052068671023955840e+18,1.410355980013884416e+19,7.459596626190775903e-02,1.000000000000000000e+00
5.217168575554354492e+12,1.414367738490535117e+19,1.191659843098903808e+18,1.414367738490535117e+19,8.425389031926637518e-02,1.000000000000000000e+00
5.669007271207433594e+12,1.418379496967185613e+19,1.349772330234298880e+18,1.418379496967185613e+19,9.516298939179645977e-02,1.000000000000000000e+00
6.159977960380180664e+12,1.422391255443836314e+19,1.528863588059107840e+18,1.422391255443836314e+19,1.074854462306187586e-01,1.000000000000000000e+00
6.693469712958667969e+12,1.426403013920487014e+19,1.731717133723744768e+18,1.426403013920487014e+19,1.214044780348646352e-01,1.000000000000000000e+00
7.273165113001454102e+12,1.430414772397137715e+19,1.961485808579833856e+18,1.430414772397137715e+19,1.371270659693138716e-01,1.000000000000000000e+00
7.903065678861364258e+12,1.434426530873788621e+19,2.221740781063313408e+18,1.434426530873788621e+19,1.548870390531558450e-01,1.000000000000000000e+00
8.587519484845179688e+12,1.438438289350439526e+19,2.516527051405833728e+18,1.438438289350439526e+19,1.749485584496106860e-01,1.000000000000000000e+00
9.331251175078279297e+12,1.442450047827090637e+19,2.850426320853907968e+18,1.442450047827090637e+19,1.976100541677540401e-01,1.000000000000000000e+00
1.013939457675293750e+13,1.446461806303741338e+19,3.228628202537218048e+18,1.446461806303741338e+19,2.232086729470989517e-01,1.000000000000000000e+00
1.101752813788387305e+13,1.450473564780392243e+19,3.657010880777991168e+18,1.450473564780392243e+19,2.521253037335897673e-01,1.000000000000000000e+00
1.197171343418970508e+13,1.454485323257043354e+19,4.142232472484433920e+18,1.454485323257043354e+19,2.847902557867474371e-01,1.000000000000000000e+00
1.300853701090573242e+13,1.458497081733694259e+19,4.691834510608350208e+18,1.458497081733694259e+19,3.216896742111567953e-01,1.000000000000000000e+00
1.413515584835395703e+13,1.462508840210345370e+19,5.314359158053805056e+18,1.462508840210345370e+19,3.633727887271756551e-01,1.000000000000000000e+00
1.535934676510901758e+13,1.466520598686996480e+19,6.019481973827887104e+18,1.466520598686996480e+19,4.104601039506191040e-01,1.000000000000000000e+00
1.668956009978026562e+13,1.470532357163647590e+19,6.818162294945106944e+18,1.470532357163647590e+19,4.636526535258245207e-01,1.000000000000000000e+00
1.813497804196495312e+13,1.474544115640298701e+19,7.722813571389281280e+18,1.474544115640298701e+19,5.237424563615559192e-01,1.000000000000000000e+00
1.970557801501804297e+13,1.478555874116949811e+19,8.747496301555116032e+18,1.478555874116949811e+19,5.916243311927225079e-01,1.000000000000000000e+00
2.141220154815731641e+13,1.482567632593600922e+19,9.908136566859380736e+18,1.482567632593600922e+19,6.683092460022282966e-01,1.000000000000000000e+00
2.326662911331457812e+13,1.486579391070252032e+19,1.122277356208579379e+19,1.486579391070252032e+19,7.549394017904444976e-01,1.000000000000000000e+00
2.528166144331505469e+13,1.490591149546903347e+19,1.271183996869108122e+19,1.490591149546903347e+19,8.528052761184791164e-01,1.000000000000000000e+00
2.747120789270814453e+13,1.494602908023554458e+19,1.439847952876088320e+19,1.494602908023554458e+19,9.633648811644067722e-01,1.000000000000000000e+00
2.985038245118729297e+13,1.498614666500205568e+19,1.630890675549412762e+19,1.498614666500205568e+19,1.088265524157799868e+00,1.000000000000000000e+00
3.243560807235817969e+13,1.502626424976856883e+19,1.847281437099725210e+19,1.502626424976856883e+19,1.229368395493362076e+00,1.000000000000000000e+00
3.524473003801587500e+13,1.506638183453508198e+19,2.092383480397068288e+19,1.506638183453508198e+19,1.388776352130488112e+00,1.000000000000000000e+00
3.829713914046292969e+13,1.510649941930159514e+19,2.370006292009433498e+19,1.510649941930159514e+19,1.568865311695754716e+00,1.000000000000000000e+00
4.161390553316715625e+13,1.514661700406810829e+19,2.684464810962067456e+19,1.514661700406810829e+19,1.772319726735724910e+00,1.000000000000000000e+00
4.521792417370702344e+13,1.518673458883461939e+19,3.040646493467169997e+19,1.518673458883461939e+19,2.002172669628842883e+00,1.000000000000000000e+00
4.913407286296376562e+13,1.522685217360113254e+19,3.444087275973942477e+19,1.522685217360113254e+19,2.261851127671005823e+00,1.000000000000000000e+00
5.338938397147360938e+13,1.526696975836764365e+19,3.901057617191111066e+19,1.526696975836764365e+19,2.555227185835609482e+00,1.000000000000000000e+00
5.801323103833378125e+13,1.530708734313415680e+19,4.418659956386055782e+19,1.530708734313415680e+19,2.886675862843365969e+00,1.000000000000000000e+00
6.303753153071294531e+13,1.534720492790067200e+19,5.004939102701092864e+19,1.534720492790067200e+19,3.261140465781030784e+00,1.000000000000000000e+00
6.849696716357453906e+13,1.538732251266718310e+19,5.669007271207570637e+19,1.538732251266718310e+19,3.684206441075579708e+00,1.000000000000000000e+00
7.442922330043757812e+13,1.542744009743369421e+19,6.421185709064886682e+19,1.542744009743369421e+19,4.162184826848253749e+00,1.000000000000000000e+00
8.087524908770473438e+13,1.546755768220020941e+19,7.273165113001617818e+19,1.546755768220020941e+19,4.702206555448277037e+00,1.000000000000000000e+00
8.787954011821328125e+13,1.550767526696672256e+19,8.238187331399758643e+19,1.550767526696672256e+19,5.312329017456357327e+00,1.000000000000000000e+00
9.549044557518078125e+13,1.554779285173323571e+19,9.331251175078387712e+19,1.554779285173323571e+19,6.001656482089134492e+00,1.000000000000000000e+00
1.037605019766913906e+14,1.558791043649974682e+19,1.056934553558006989e+20,1.558791043649974682e+19,6.780476176480655148e+00,1.000000000000000000e+00
1.127467958244951875e+14,1.562802802126626406e+19,1.197171343418991411e+20,1.562802802126626406e+19,7.660412060881308882e+00,1.000000000000000000e+00
1.225113576604117812e+14,1.566814560603277312e+19,1.356015110565648794e+20,1.566814560603277312e+19,8.654598601914551992e+00,1.000000000000000000e+00
1.331215902504310469e+14,1.570826319079929037e+19,1.535934676510919229e+20,1.570826319079929037e+19,9.777877145644932710e+00,1.000000000000000000e+00
1.446507338521653125e+14,1.574838077556580147e+19,1.739726432343831347e+20,1.574838077556580147e+19,1.104701783083046607e+01,1.000000000000000000e+00
1.571783717773161250e+14,1.578849836033231053e+19,1.970557801501815276e+20,1.578849836033231053e+19,1.248097036544480964e+01,1.000000000000000000e+00
1.707909797389430312e+14,1.582861594509882778e+19,2.232016469295258665e+20,1.582861594509882778e+19,1.410114742209270844e+01,1.000000000000000000e+00
1.855825227755526562e+14,1.586873352986534093e+19,2.528166144331536794e+20,1.586873352986534093e+19,1.593174489680267669e+01,1.000000000000000000e+00
2.016551038724744375e+14,1.590885111463185408e+19,2.863609718508131451e+20,1.590885111463185408e+19,1.800010382820405397e+01,1.000000000000000000e+00
2.191196687578151875e+14,1.594896869939836518e+19,3.243560807235840246e+20,1.594896869939836518e+19,2.033711939856145889e+01,1.000000000000000000e+00
2.380967717380368125e+14,1.598908628416488243e+19,3.673924781802120151e+20,1.598908628416488243e+19,2.297770314392928270e+01,1.000000000000000000e+00
2.587174078595918438e+14,1.602920386893139149e+19,4.161390553316722606e+20,1.602920386893139149e+19,2.596130529840311496e+01,1.000000000000000000e+00
2.811239171408466875e+14,1.606932145369790669e+19,4.713534534786941583e+20,1.606932145369790669e+19,2.933250509903921710e+01,1.000000000000000000e+00
3.054709671159980625e+14,1.610943903846441984e+19,5.338938397147409940e+20,1.610943903846441984e+19,3.314167789703698475e+01,1.000000000000000000e+00
3.319266204733183125e+14,1.614955662323093299e+19,6.047322449462658335e+20,1.614955662323093299e+19,3.744574907253900165e+01,1.000000000000000000e+00
3.606734951574031875e+14,1.618967420799744614e+19,6.849696716357483889e+20,1.618967420799744614e+19,4.230904605216725400e+01,1.000000000000000000e+00
3.919100249433418125e+14,1.622979179276396134e+19,7.758532060787905659e+20,1.622979179276396134e+19,4.780426119974650589e+01,1.000000000000000000e+00
4.258518291843405625e+14,1.626990937753047040e+19,8.787954011821323059e+20,1.626990937753047040e+19,5.401354001367648294e+01,1.000000000000000000e+00
4.627332011878693125e+14,1.631002696229698765e+19,9.953962309984276972e+20,1.631002696229698765e+19,6.102971094403655172e+01,1.000000000000000000e+00
5.028087254942495625e+14,1.635014454706350080e+19,1.127467958244955390e+21,1.635014454706350080e+19,6.895767526700242911e+01,1.000000000000000000e+00
5.463550352214864375e+14,1.639026213183001395e+19,1.277063301308642755e+21,1.639026213183001395e+19,7.791597785544723820e+01,1.000000000000000000e+00
5.936727216069126250e+14,1.643037971659652506e+19,1.446507338521650921e+21,1.643037971659652506e+19,8.803858239870844216e+01,1.000000000000000000e+00
6.450884089267712500e+14,1.647049730136304230e+19,1.638433645577995289e+21,1.647049730136304230e+19,9.947687769223604448e+01,1.000000000000000000e+00
7.009570091165661250e+14,1.651061488612955750e+19,1.855825227755538088e+21,1.651061488612955750e+19,1.124019450853161572e+02,1.000000000000000000e+00
7.616641716552891250e+14,1.655073247089606656e+19,2.102060883130162348e+21,1.655073247089606656e+19,1.270071210942820272e+02,1.000000000000000000e+00
8.276289456246368750e+14,1.659085005566258381e+19,2.380967717380372300e+21,1.659085005566258381e+19,1.435108936186021253e+02,1.000000000000000000e+00
8.993066723187668750e+14,1.663096764042909696e+19,2.696880626390719267e+21,1.663096764042909696e+19,1.621601752044018099e+02,1.000000000000000000e+00
9.771921283717996250e+14,1.667108522519561011e+19,3.054709671159973020e+21,1.667108522519561011e+19,1.832340024597367290e+02,1.000000000000000000e+00
1.061822941099386750e+15,1.671120280996212122e+19,3.460016392185127633e+21,1.671120280996212122e+19,2.070477171231799787e+02,1.000000000000000000e+00
1.153783299629666750e+15,1.675132039472863846e+19,3.919100249433439732e+21,1.675132039472863846e+19,2.339576915182587697e+02,1.000000000000000000e+00
1.253707987440919750e+15,1.679143797949514752e+19,4.439096531392172917e+21,1.679143797949514752e+19,2.643666692997331324e+02,1.000000000000000000e+00
1.362286764141649500e+15,1.683155556426166272e+19,5.028087254942500258e+21,1.683155556426166272e+19,2.987298016363149600e+02,1.000000000000000000e+00
1.480269126739516250e+15,1.687167314902817587e+19,5.695226779712872251e+21,1.687167314902817587e+19,3.375614694172120380e+02,1.000000000000000000e+00
1.608469483265355250e+15,1.691179073379468902e+19,6.450884089267693289e+21,1.691179073379468902e+19,3.814429938739098702e+02,1.000000000000000000e+00
1.747772774464684500e+15,1.695190831856120218e+19,7.306803950529529512e+21,1.695190831856120218e+19,4.310313513511082988e+02,1.000000000000000000e+00
1.899140582361943250e+15,1.699202590332771738e+19,8.276289456246408348e+21,1.699202590332771738e+19,4.870690230424837068e+02,1.000000000000000000e+00
2.063617767863856500e+15,1.703214348809422643e+19,9.374408787662987067e+21,1.703214348809422643e+19,5.503951275549003412e+02,1.000000000000000000e+00
2.242339683219849500e+15,1.707226107286074368e+19,1.061822941099387467e+22,1.707226107286074368e+19,6.219580034347853825e+02,1.000000000000000000e+00
2.436540009125476000e+15,1.711237865762725683e+19,1.202708334768520220e+22,1.711237865762725683e+19,7.028294305727357596e+02,1.000000000000000000e+00
2.647559270567064000e+15,1.715249624239376998e+19,1.362286764141644979e+22,1.715249624239376998e+19,7.942207040247844816e+02,1.000000000000000000e+00
2.876854090190597000e+15,1.719261382716028109e+19,1.543038469183568347e+22,1.719261382716028109e+19,8.975008016209443440e+02,1.000000000000000000e+00
3.126007243068716500e+15,1.723273141192679834e+19,1.747772774464692735e+22,1.723273141192679834e+19,1.014216918192699609e+03,1.000000000000000000e+00
3.396738582272202500e+15,1.727284899669331149e+19,1.979671752951329718e+22,1.727284899669331149e+19,1.146117674814568772e+03,1.000000000000000000e+00
3.690916910662782000e+15,1.731296658145982259e+19,2.242339683219850396e+22,1.731296658145982259e+19,1.295179351654924176e+03,1.000000000000000000e+00
4.010572880855512000e+15,1.735308416622633984e+19,2.539859068780740293e+22,1.735308416622633984e+19,1.463635538473312636e+03,1.000000000000000000e+00
4.357913012397021000e+15,1.739320175099284890e+19,2.876854090190586642e+22,1.739320175099284890e+19,1.654010648169689830e+03,1.000000000000000000e+00
4.735334922917121000e+15,1.743331933575936410e+19,3.258562476153230695e+22,1.743331933575936410e+19,1.869157796856988170e+03,1.000000000000000000e+00
5.145443878390945000e+15,1.747343692052587725e+19,3.690916910662798017e+22,1.747343692052587725e+19,2.112301619566963382e+03,1.000000000000000000e+00
5.591070776755282000e+15,1.751355450529239040e+19,4.180637241455746744e+22,1.751355450529239040e+19,2.387086664898554773e+03,1.000000000000000000e+00
6.075291689016077000e+15,1.755367209005890355e+19,4.735334922917121937e+22,1.755367209005890355e+19,2.697632095793143890e+03,1.000000000000000000e+00
6.601449092734910000e+15,1.759378967482541875e+19,5.363631316739268857e+22,1.759378967482541875e+19,3.048593518435641727e+03,1.000000000000000000e+00
7.173174944465598000e+15,1.763390725959192986e+19,6.075291689016053518e+22,1.763390725959192986e+19,3.445232868462212537e+03,1.000000000000000000e+00
7.794415750404951000e+15,1.767402484435844506e+19,6.881376986415672538e+22,1.767402484435844506e+19,3.893497404815638674e+03,1.000000000000000000e+00
8.469459808314611000e+15,1.771414242912496026e+19,7.794415750404983541e+22,1.771414242912496026e+19,4.400108998553429046e+03,1.000000000000000000e+00
9.202966808760466000e+15,1.775426001389147341e+19,8.828598841495225211e+22,1.775426001389147341e+19,4.972665058745034003e+03,1.000000000000000000e+00
1.000000000000000000e+16,1.779437759865798656e+19,1.000000000000000084e+23,1.779437759865798656e+19,5.619752612619718093e+03,1.000000000000000000e+00
